NORMNTN_presence,WKFLDKG_presence,WKFLDWG_presence,BNSLY_presence,MEADWHL_presence,LEEDS_dep_delay,SHEFFLD_arr_delay,station_ave,WKFLDKG_stay_subtract,BNSLY_stay_subtract,MEADWHL_stay_subtract,NORMNTN_stay_subtract,WKFLDWG_stay_subtract,Hour,Leeds.trains,Leeds.av.delay,Sheffield.trains,Sheffield.av.delay,Nottingham.trains,Nottingham.av.delay,train_code.code,Day.code,prediction_label
0,1,0,1,1,28.0,-113.0,13.166667,-24.0,-104.0,-117.0,,,7,33.035,0.015,18.78,0.0,10.98,0.0,0,0,-289.5022
0,1,0,1,1,16.0,120.0,118.5,11.0,-90.0,-116.0,,,9,43.24,0.335,22.26,0.855,12.98,0.075,1,0,-60.168
0,1,0,1,1,17.0,-96.0,-25.666666,-15.0,45.0,-110.0,,,11,38.24,0.52,22.0,0.865,13.98,0.035,2,0,-303.82642
0,1,0,1,1,1465.0,1270.0,1358.3334,-16.0,-54.0,-114.0,,,19,39.5,3.89,22.965,2.405,12.61,0.115,3,0,937.5043
0,1,0,1,1,20.0,160.0,17.666666,41.0,78.0,17.0,,,13,39.925,0.105,24.315,0.22,13.835,0.0,4,1,-119.54625
0,1,0,1,1,14.0,370.0,37.0,-2.0,20.0,12.0,,,17,42.35,0.34,21.575,0.285,15.02,0.0,5,1,103.26619
0,1,0,1,1,20.0,299.0,138.33333,112.0,192.0,-112.0,,,20,39.65,0.91,21.405,0.595,10.89,0.085,6,1,60.814102
0,1,0,1,1,22.0,-60.0,-19.833334,-2.0,5.0,-94.0,,,10,40.865,0.18,23.04,0.11,13.575,0.02,7,2,-268.8015
0,1,0,1,1,203.0,252.0,243.0,-18.0,9.0,-23.0,,,13,24.845,0.11,14.71,1.115,4.79,0.54,4,3,-12.158798
0,1,0,1,1,137.0,202.0,197.33333,62.0,80.0,-98.0,,,17,25.675,0.205,16.635,0.15,8.925,0.015,5,3,-31.909424
0,1,0,1,1,17.0,-9.0,-24.666666,-11.0,30.0,-109.0,,,17,43.02,0.14,22.31,0.735,14.925,0.0,5,4,-215.02618
0,1,0,1,1,25.0,244.0,27.833334,86.0,25.0,-84.0,,,20,38.675,1.125,20.56,0.74,10.44,0.175,6,4,23.988419
0,1,0,1,1,63.0,63.0,127.0,3.0,-102.0,-99.0,,,13,40.865,0.135,23.79,0.255,13.845,-0.005,4,5,-127.36479
0,1,0,1,1,174.0,-103.0,59.833332,-14.0,-94.0,-131.0,,,15,37.135,0.36,23.595,0.155,13.925,0.0,8,5,-288.27512
0,1,0,1,1,22.0,96.0,11.833333,-18.0,-108.0,-103.0,,,16,37.63,0.09,20.98,0.32,13.965,0.01,9,0,-87.57628
1,1,0,1,1,22.0,87.0,46.875,-8.0,-16.0,-100.0,-25.0,,18,43.965,0.37,22.575,0.405,13.78,0.01,10,0,-115.76456
0,1,0,1,1,14.0,82.0,12.5,-18.0,-6.0,-37.0,,,11,40.0,1.01,21.65,0.21,14.02,0.0,2,1,-153.31482
0,1,0,1,1,36.0,7.0,-29.666666,54.0,31.0,-101.0,,,12,39.965,0.18,21.945,0.405,13.39,0.005,11,1,-205.10706
0,1,0,1,1,19.0,296.0,23.0,86.0,-22.0,78.0,,,16,38.055,0.36,20.665,0.575,13.98,0.0,9,1,4.5032806
0,1,0,1,1,33.0,94.0,102.333336,79.0,10.0,-117.0,,,8,38.575,0.175,18.75,0.235,12.79,0.0,12,2,-106.39102
0,1,0,1,1,26.0,111.0,33.166668,-23.0,-28.0,-52.0,,,13,39.5,0.165,23.675,0.55,13.71,0.0,4,2,-113.92018
0,1,0,1,1,96.0,347.0,132.66667,17.0,8.0,-19.0,,,14,38.44,0.315,21.675,0.84,13.21,0.1,13,2,90.469406
0,1,1,0,1,3.0,-172.0,-89.0,-15.0,,-104.0,,-83.0,11,24.79,0.24,9.56,0.055,3.46,0.575,2,3,-369.29208
0,1,1,0,1,21.0,304.0,124.333336,-20.0,,-70.0,,-40.0,15,25.75,0.075,14.905,0.215,6.79,0.02,8,3,84.80113
0,1,0,1,1,130.0,46.0,26.666666,-25.0,-28.0,-69.0,,,12,37.04,0.33,22.5,0.49,13.885,0.03,11,4,-179.79721
0,1,0,1,1,24.0,373.0,228.5,2.0,-97.0,-80.0,,,17,44.02,0.14,22.81,0.235,14.925,0.0,5,4,173.74858
0,1,0,1,1,10.0,52.0,-9.166667,64.0,1.0,-24.0,,,10,40.23,0.175,23.04,0.185,13.77,0.095,7,5,-190.56447
0,1,0,1,1,37.0,259.0,379.66666,-27.0,-93.0,-110.0,,,13,40.865,0.135,23.29,0.255,13.845,-0.005,4,5,73.48918
0,1,0,1,1,46.0,164.0,84.166664,-13.0,-72.0,26.0,,,19,40.825,0.72,22.885,0.43,13.595,0.195,3,5,-93.56273
0,1,0,1,1,34.0,115.0,26.333334,-9.0,-23.0,-58.0,,,15,38.035,0.155,23.465,0.42,14.0,0.01,8,0,-108.674866
0,1,0,1,1,26.0,358.0,46.333332,55.0,-18.0,81.0,,,20,37.24,0.665,21.295,0.7,11.035,0.21,6,0,63.151566
0,1,0,1,1,199.0,12.0,86.5,-28.0,-101.0,-116.0,,,7,32.02,0.0,17.465,0.0,10.945,0.0,0,1,-182.54532
0,1,0,1,1,20.0,56.0,-8.166667,15.0,39.0,-43.0,,,10,40.945,0.13,24.315,0.22,13.835,0.005,7,1,-185.39487
0,1,0,1,1,36.0,54.0,-18.333334,16.0,44.0,-58.0,,,11,39.0,0.51,21.65,0.21,13.52,0.0,2,1,-182.37521
0,1,0,1,1,54.0,85.0,95.0,58.0,-4.0,-94.0,,,13,39.5,0.165,23.675,0.3,13.71,0.0,4,2,-126.07253
1,1,0,1,1,22.0,1505.0,633.125,-3.0,-103.0,50.0,-31.0,,18,44.155,0.64,21.5,1.25,12.79,0.225,10,2,1234.5299
0,1,0,1,1,80.0,-24.0,5.8333335,-18.0,9.0,-118.0,,,9,39.94,0.01,23.385,0.075,12.405,0.005,1,6,-227.31895
0,1,0,0,1,16.0,2.0,-30.25,36.0,,-71.0,,,14,36.615,0.145,22.02,2.06,13.325,0.06,13,6,-214.16064
1,1,0,1,1,30.0,264.0,151.5,76.0,-76.0,-13.0,-35.0,,18,37.385,0.245,23.46,0.465,12.155,0.095,10,6,27.474777
0,1,0,1,1,79.0,224.0,174.0,23.0,-109.0,-96.0,,,15,38.325,1.29,21.365,0.61,13.94,0.015,8,4,30.880295
0,1,0,1,1,18.0,14.0,65.833336,-23.0,-93.0,-107.0,,,10,40.23,0.175,22.54,0.185,13.77,0.22,7,5,-169.5383
0,1,0,1,1,24.0,29.0,5.5,30.0,-2.0,-41.0,,,11,39.24,0.27,21.5,0.365,13.48,0.035,2,0,-205.6716
0,1,0,1,1,77.0,-15.0,1.3333334,44.0,30.0,-110.0,,,14,36.965,0.155,21.965,0.34,13.87,0.025,13,0,-226.13896
0,1,0,1,1,18.0,5.0,1.0,10.0,-17.0,-113.0,,,13,39.0,0.165,25.675,0.3,13.71,0.0,4,2,-190.15198
0,1,0,1,1,23.0,381.0,99.5,20.0,251.0,84.0,,,15,38.48,0.495,21.44,0.525,13.635,0.0,8,2,32.868973
1,1,0,1,1,26.0,66.0,119.0,-9.0,-95.0,-65.0,-43.0,,18,42.155,0.89,23.0,0.875,13.79,0.1,10,2,-139.2011
0,1,0,1,1,25.0,164.0,39.833332,65.0,-5.0,-105.0,,,20,36.405,1.81,21.365,0.915,10.81,0.165,6,2,-39.20468
0,1,0,1,1,14.0,173.0,103.5,102.0,-7.0,-60.0,,,8,35.135,0.09,19.27,0.01,10.845,0.01,12,6,-51.278625
0,1,0,1,1,15.0,81.0,25.0,31.0,71.0,-88.0,,,11,36.5,0.155,21.48,1.01,12.675,0.0,2,6,-143.83594
0,1,0,1,1,13.0,153.0,89.0,74.0,42.0,-32.0,,,8,38.325,0.255,21.04,0.14,12.925,0.0,12,4,-94.4628
0,1,0,1,1,7.0,-38.0,-25.333334,48.0,46.0,-102.0,,,13,40.655,0.2,23.29,0.375,13.925,0.0,4,4,-249.46298
0,1,0,1,1,22.0,-39.0,-45.833332,89.0,39.0,-81.0,,,17,44.02,0.14,23.31,0.235,14.925,0.0,5,4,-260.98782
0,1,0,1,1,14.0,185.0,148.83333,-18.0,-43.0,-46.0,,,8,37.29,0.225,21.06,0.15,12.095,0.035,12,5,-39.393143
0,1,0,1,1,20.0,-21.0,10.166667,-19.0,-49.0,-103.0,,,12,39.825,0.2,22.73,0.43,12.94,0.02,11,5,-214.97234
0,1,0,1,1,25.0,107.0,22.5,19.0,-28.0,-6.0,,,15,37.635,0.11,23.095,0.405,13.425,0.0,8,5,-140.73167
1,1,0,1,1,31.0,-46.0,-26.625,-15.0,51.0,-57.0,-4.0,,18,44.885,0.25,24.06,0.31,13.885,0.05,10,5,-283.0686
0,1,0,1,1,22.0,-17.0,-39.333332,57.0,31.0,-96.0,,,19,42.325,0.47,22.885,1.305,13.095,0.195,3,5,-230.11649
0,1,0,1,1,16.0,42.0,21.166666,3.0,14.0,-54.0,,,11,39.24,0.27,22.0,0.365,13.98,0.035,2,0,-188.61362
0,1,0,1,1,10.0,19.0,-27.0,17.0,21.0,-54.0,,,13,40.15,0.15,24.11,0.405,13.965,0.08,4,0,-212.24168
0,1,0,1,1,29.0,37.0,16.5,-14.0,-61.0,-82.0,,,17,44.035,0.12,23.15,0.255,14.905,0.0,5,0,-166.37117
0,1,0,1,1,16.0,98.0,8.0,-17.0,-78.0,-85.0,,,19,41.0,1.14,24.465,1.155,13.61,0.115,3,0,-99.787994
0,1,0,1,1,9.0,247.0,37.166668,-7.0,37.0,227.0,,,10,37.445,0.13,23.315,0.22,13.835,0.005,7,1,-128.88821
0,1,0,1,1,25.0,-20.0,24.5,-16.0,-91.0,-114.0,,,13,39.425,0.105,23.815,0.22,13.835,0.0,4,1,-200.861
1,1,0,1,1,18.0,74.0,42.0,-20.0,-45.0,-91.0,-36.0,,18,43.11,0.34,22.85,0.47,14.405,0.075,10,1,-127.189125
0,1,0,1,1,15.0,142.0,14.166667,-17.0,-5.0,35.0,,,19,40.46,0.88,21.155,1.25,12.02,0.025,3,2,-129.9083
0,1,0,1,1,21.0,236.0,39.0,83.0,-19.0,-112.0,,,20,34.405,1.56,23.865,1.665,10.81,0.165,6,2,38.8705
0,1,0,1,1,14.0,163.0,102.666664,116.0,-12.0,-78.0,,,8,34.635,0.09,18.77,0.01,10.845,0.01,12,6,-51.271408
0,1,0,1,1,45.0,202.0,34.333332,3.0,42.0,15.0,,,16,35.46,0.985,22.075,0.58,11.615,0.025,9,6,-72.244705
0,1,0,1,1,199.0,60.0,174.0,-20.0,-94.0,-116.0,,,15,37.325,0.165,23.365,0.985,13.94,0.015,8,4,-136.22498
0,1,0,1,1,43.0,-42.0,-16.833334,47.0,10.0,-98.0,,,16,37.155,0.16,22.075,1.0,13.905,0.0,9,4,-251.87389
0,1,0,1,1,52.0,72.0,71.666664,1.0,-101.0,-14.0,,,19,41.925,0.755,23.365,1.33,13.48,0.065,3,4,-159.9595
0,1,0,1,1,48.0,213.0,34.0,-4.0,-9.0,109.0,,,11,41.06,0.275,20.02,0.31,13.98,0.0,2,5,-98.6239
0,1,0,1,1,82.0,241.0,94.166664,-19.0,-67.0,95.0,,,14,39.23,0.065,22.31,0.2,13.96,0.005,13,5,-55.84616
0,1,0,1,1,80.0,144.0,64.666664,1.0,-84.0,-127.0,,,14,36.965,0.405,21.465,0.59,13.87,0.025,13,0,-38.035538
1,1,0,1,1,19.0,184.0,96.75,-4.0,-81.0,-75.0,-30.0,,18,45.965,0.37,22.575,0.53,13.78,0.01,10,0,-19.066208
0,1,0,1,1,13.0,166.0,137.16667,15.0,-90.0,8.0,,,9,40.27,0.38,20.96,0.495,13.31,0.045,1,2,-76.02011
0,1,0,1,1,23.0,766.0,378.66666,-4.0,-80.0,8.0,,,15,36.73,0.14,23.46,3.955,13.25,0.02,8,6,516.9981
0,1,0,1,1,56.0,575.0,291.16666,-23.0,423.0,-81.0,,,10,21.27,0.0,7.135,0.05,5.75,0.02,7,3,271.49847
0,1,0,1,1,200.0,130.0,129.66667,-24.0,-94.0,-90.0,,,12,22.615,0.22,10.44,0.11,6.575,0.04,11,3,-79.760864
0,1,0,1,1,317.0,193.0,296.83334,32.0,-104.0,-81.0,,,18,26.135,0.12,14.48,0.145,7.04,0.015,10,3,-30.771729
0,1,0,1,1,103.0,161.0,89.0,-21.0,-63.0,-6.0,,,12,40.04,0.705,22.5,0.99,13.885,0.03,11,4,-87.69536
0,1,0,1,1,14.0,180.0,69.5,0.0,-94.0,-27.0,,,13,39.655,0.2,22.79,0.375,13.925,0.0,4,4,-43.989197
0,1,0,1,1,12.0,380.0,10.333333,21.0,27.0,-36.0,,,19,41.925,1.005,23.365,0.58,12.98,0.065,3,4,135.96538
0,1,0,1,1,44.0,361.0,44.833332,43.0,14.0,-110.0,,,20,38.675,0.625,20.56,2.49,10.94,0.675,6,4,153.48204
0,1,0,1,1,12.0,166.0,22.833334,-23.0,-20.0,-30.0,,,10,39.23,0.175,23.54,0.185,13.77,0.095,7,5,-70.48988
0,1,0,1,1,27.0,-52.0,-20.333334,28.0,52.0,-98.0,,,13,40.15,0.15,24.61,0.905,13.965,0.08,4,0,-268.4033
0,1,0,1,1,12.0,64.0,-15.666667,35.0,22.0,-35.0,,,15,36.035,0.155,23.965,0.67,14.0,0.01,8,0,-177.40369
0,1,0,1,1,23.0,-36.0,-18.666666,43.0,24.0,-91.0,,,15,36.705,0.04,22.98,0.26,13.315,0.03,8,1,-250.2224
0,1,0,1,1,21.0,116.0,36.0,89.0,29.0,-64.0,,,20,38.65,0.41,23.405,2.095,9.89,0.085,6,1,-113.50079
0,1,0,1,1,49.0,-105.0,-28.666666,4.0,43.0,-111.0,,,12,37.075,0.38,20.5,0.37,13.69,0.015,11,2,-314.8949
0,1,0,1,1,45.0,-6.0,-17.833334,40.0,11.0,-98.0,,,13,40.5,0.165,22.675,0.425,13.71,0.0,4,2,-216.50188
0,1,0,1,1,183.0,596.0,340.33334,-6.0,397.0,-115.0,,,14,22.79,0.085,14.885,0.025,7.46,0.01,13,3,302.35834
0,1,0,1,1,404.0,242.0,308.16666,-8.0,-104.0,-99.0,,,15,25.75,0.075,13.905,0.215,6.29,0.02,8,3,18.670425
0,1,0,1,1,14.0,77.0,-34.166668,12.0,13.0,-2.0,,,11,40.175,0.295,21.81,0.4,14.06,0.05,2,4,-179.39632
0,1,0,1,1,50.0,41.0,-4.8333335,30.0,-26.0,-85.0,,,13,39.655,0.45,24.29,1.375,13.925,0.0,4,4,-169.63564
0,1,0,1,1,78.0,134.0,32.0,0.0,7.0,-97.0,,,14,39.075,0.19,23.44,0.43,14.02,0.025,13,4,-80.296295
0,1,0,1,1,3.0,-93.0,-41.5,-27.0,-101.0,-101.0,,,7,30.825,0.0,17.69,0.0,10.96,0.0,0,5,-275.8397
0,1,0,1,1,16.0,29.0,17.333334,45.0,24.0,-83.0,,,9,42.19,0.61,20.06,0.275,12.365,0.085,1,5,-188.99655
0,1,0,1,1,135.0,160.0,15.666667,-12.0,-6.0,-54.0,,,17,41.77,0.52,22.23,0.175,15.0,0.01,5,5,-78.77292
1,1,0,1,1,106.0,283.0,294.625,2.0,-54.0,-71.0,-32.0,,18,43.465,0.37,22.575,0.53,13.78,0.01,10,0,63.854935
0,1,0,1,1,12.0,-172.0,-106.166664,-27.0,-29.0,-97.0,,,7,31.52,0.0,18.465,0.0,10.945,0.0,0,1,-371.03525
0,1,0,1,1,27.0,160.0,105.5,68.0,43.0,-34.0,,,8,39.39,0.135,19.405,0.16,13.595,0.0,12,1,-88.02553
0,1,0,1,1,17.0,97.0,-11.333333,51.0,15.0,-6.0,,,15,38.205,0.04,22.98,1.01,13.815,0.03,8,1,-158.20772
0,1,0,1,1,15.0,11.0,-7.3333335,-9.0,-17.0,-100.0,,,17,43.35,0.09,22.075,0.285,15.02,0.0,5,1,-190.39154
0,1,0,1,1,18.0,-31.0,-42.333332,26.0,41.0,-113.0,,,9,38.94,0.01,22.885,0.075,12.405,0.005,1,6,-237.0983
0,1,0,1,1,60.0,16.0,2.5,44.0,10.0,-99.0,,,11,38.5,0.155,20.48,0.385,12.675,0.0,2,6,-195.37415
0,1,0,1,1,18.0,-62.0,-59.833332,-9.0,161.0,-99.0,,,13,22.345,0.11,13.21,0.115,4.79,0.04,4,3,-298.02338
0,1,0,1,1,26.0,16.0,-4.0,2.0,95.0,-83.0,,,14,22.79,0.335,15.385,0.025,7.46,0.01,13,3,-216.55127
0,1,0,1,1,130.0,189.0,102.0,-18.0,-64.0,38.0,,,15,25.75,0.075,14.905,0.215,6.79,0.02,8,3,-84.17378
0,1,0,1,1,522.0,357.0,409.83334,-29.0,-105.0,-117.0,,,8,37.79,0.1,20.06,0.15,13.595,0.035,12,5,130.93309
0,1,0,1,1,138.0,11.0,-10.0,-6.0,-12.0,-76.0,,,14,37.23,0.065,23.31,0.7,13.46,0.005,13,5,-214.90901
0,1,0,1,1,34.0,221.0,5.1666665,41.0,-1.0,39.0,,,19,41.825,0.97,24.385,0.43,13.095,0.195,3,5,-56.005463
0,1,0,1,1,142.0,-17.0,-0.8333333,-3.0,0.0,-32.0,,,9,42.74,0.585,21.26,0.605,12.98,0.075,1,0,-267.34583
0,1,0,1,1,134.0,220.0,42.666668,-15.0,-66.0,87.0,,,10,39.78,0.15,22.87,0.155,13.85,0.105,7,0,-77.805725
0,1,0,1,1,37.0,385.0,101.666664,34.0,7.0,-87.0,,,11,39.74,0.77,22.0,0.99,13.98,0.035,2,0,167.86143
0,1,0,1,1,15.0,203.0,-9.0,-5.0,36.0,-53.0,,,10,40.445,0.13,22.815,0.97,13.835,0.005,7,1,-33.36635
1,1,0,1,1,26.0,-5.0,-11.5,-12.0,26.0,-91.0,-9.0,,18,46.61,0.59,22.85,0.47,13.905,0.075,10,1,-220.10333
0,1,0,1,1,14.0,4.0,-29.5,58.0,19.0,-24.0,,,11,37.905,0.195,21.94,0.445,13.71,0.03,2,2,-242.08617
0,1,0,1,1,17.0,230.0,76.166664,-10.0,-62.0,143.0,,,17,42.385,1.19,22.325,0.595,14.615,0.055,5,2,-85.542465
0,1,0,1,1,55.0,-31.0,-5.0,-6.0,25.0,-103.0,,,11,36.0,0.155,21.98,0.385,12.675,0.0,2,6,-242.48172
0,1,0,1,1,18.0,110.0,-11.333333,10.0,-3.0,-9.0,,,12,33.81,0.48,21.29,0.49,12.71,0.075,11,6,-140.42168
0,1,0,1,1,147.0,97.0,105.166664,13.0,-29.0,-95.0,,,13,37.52,0.245,24.21,0.455,12.69,0.075,4,6,-117.59291
0,1,0,1,1,43.0,-30.0,-25.833334,70.0,34.0,-25.0,,,16,34.46,0.485,20.575,0.33,12.115,0.025,9,6,-280.98148
0,1,0,1,1,21.0,-92.0,-32.166668,21.0,17.0,-121.0,,,11,39.175,0.295,22.31,0.4,14.06,0.05,2,4,-289.34317
0,1,0,1,1,16.0,-51.0,-24.666666,14.0,-1.0,-101.0,,,13,39.655,0.2,23.29,0.375,13.925,0.0,4,4,-254.6502
0,1,0,1,1,22.0,273.0,73.166664,123.0,-64.0,-22.0,,,20,38.675,0.625,22.06,0.99,10.44,0.175,6,4,39.337906
0,1,0,1,1,14.0,-243.0,-158.33333,-20.0,73.0,-99.0,,,7,31.825,0.0,16.69,0.0,10.96,0.0,0,5,-460.42435
0,1,0,1,1,16.0,78.0,83.0,61.0,21.0,-102.0,,,8,39.29,0.1,22.06,0.15,13.095,0.035,12,5,-130.28088
0,1,0,1,1,56.0,71.0,38.833332,0.0,-29.0,32.0,,,15,38.635,0.11,22.095,0.155,13.925,0.0,8,5,-198.15723
0,1,0,1,1,32.0,236.0,9.0,17.0,-15.0,44.0,,,11,40.24,0.52,22.5,0.365,13.98,0.035,2,0,-40.71077
0,1,0,1,1,18.0,344.0,59.166668,-13.0,-4.0,18.0,,,13,40.65,0.15,23.11,0.405,13.965,0.08,4,0,78.70772
1,1,0,1,1,29.0,0.0,26.5,-27.0,-107.0,-65.0,-29.0,,18,44.465,0.37,23.575,0.405,13.78,0.01,10,0,-202.71585
0,1,0,1,1,25.0,-39.0,10.666667,-15.0,-49.0,-118.0,,,10,40.445,0.13,21.815,0.22,13.835,0.005,7,1,-225.84189
0,1,0,1,1,19.0,-34.0,-24.666666,14.0,38.0,-54.0,,,13,39.925,0.105,25.315,0.22,13.835,0.0,4,1,-269.0072
0,1,0,1,1,26.0,45.0,7.5,21.0,-17.0,-1.0,,,15,37.205,0.04,22.98,0.51,13.815,0.03,8,1,-207.01671
0,1,0,1,1,19.0,-48.0,58.0,-20.0,-106.0,-116.0,,,7,30.79,0.01,17.135,0.0,10.79,0.0,0,2,-224.21214
0,1,0,1,1,-11.0,104.0,194.83333,-23.0,-107.0,-115.0,,,9,42.27,0.505,21.46,0.245,12.81,0.045,1,2,-70.732666
0,1,0,1,1,26.0,157.0,35.333332,-11.0,-11.0,-56.0,,,12,38.575,0.38,22.0,0.37,13.69,0.015,11,2,-69.521774
0,1,0,1,1,73.0,165.0,51.5,-8.0,44.0,-9.0,,,20,35.905,1.435,20.865,0.915,10.31,0.165,6,2,-100.04993
0,1,0,1,1,13.0,-3.0,-24.0,39.0,29.0,-78.0,,,16,33.46,0.235,21.575,0.33,12.615,0.025,9,6,-223.95238
1,0,0,1,1,31.0,307.0,22.666666,,-91.0,-118.0,-57.0,,18,36.385,0.245,22.96,0.465,12.655,0.095,10,6,125.32805
0,1,0,1,1,-162.0,-144.0,-200.5,-20.0,124.0,-55.0,,,11,24.79,0.24,11.56,0.055,2.96,0.075,2,3,-377.3001
0,1,0,1,1,238.0,816.0,812.8333,-23.0,-11.0,-5.0,,,13,23.845,0.235,14.21,0.115,4.29,0.165,4,3,539.56647
0,1,0,1,1,148.0,60.0,42.0,-20.0,3.0,-19.0,,,15,25.25,0.075,15.905,0.215,6.79,0.02,8,3,-198.49854
0,1,0,1,1,24.0,199.0,49.0,14.0,20.0,54.0,,,18,25.135,0.12,17.98,0.145,6.04,0.015,10,3,-88.44348
0,1,0,1,1,-33.0,20.0,-48.333332,4.0,99.0,-117.0,,,20,23.73,0.22,18.075,0.26,6.115,0.0,6,3,-190.84183
0,1,0,1,1,124.0,79.0,111.833336,41.0,-26.0,-104.0,,,8,39.325,0.505,21.04,0.14,12.925,0.0,12,4,-129.39488
0,1,0,1,1,137.0,-52.0,-11.333333,-19.0,17.0,-82.0,,,9,41.73,0.66,22.095,0.23,13.135,0.01,1,4,-279.98846
0,1,0,1,1,558.0,672.0,430.0,-12.0,-77.0,101.0,,,13,42.155,0.45,21.79,1.0,13.925,0.0,4,4,326.2975
0,1,0,1,1,77.0,199.0,-18.0,7.0,-10.0,-57.0,,,16,37.655,0.16,20.575,0.25,13.905,0.0,9,4,-32.30847
0,1,0,1,1,42.0,65.0,33.833332,-8.0,-54.0,-57.0,,,17,42.02,0.14,23.31,1.235,14.925,0.0,5,4,-153.60217
0,1,0,1,1,22.0,-79.0,-74.833336,-9.0,-74.0,-40.0,,,7,31.325,0.0,18.19,0.0,10.96,0.0,0,5,-299.3473
0,1,0,1,1,12.0,343.0,174.0,80.0,0.0,-90.0,,,8,38.79,0.1,21.06,0.15,13.595,0.035,12,5,131.35078
0,1,0,1,1,15.0,-122.0,-39.166668,-29.0,-101.0,-101.0,,,7,32.535,0.015,17.28,0.0,10.98,0.0,0,0,-305.7715
0,1,0,1,1,38.0,214.0,133.66667,-9.0,-1.0,-20.0,,,8,37.965,0.14,20.815,0.18,13.61,0.0,12,0,-33.92015
0,1,0,1,1,-51.0,76.0,-14.5,13.0,44.0,84.0,,,9,42.74,0.335,22.76,0.48,11.98,0.075,1,0,-223.12335
0,1,0,1,1,84.0,46.0,-30.833334,-4.0,59.0,-88.0,,,13,41.15,0.4,23.61,0.405,13.965,0.08,4,0,-182.7807
0,1,0,1,1,20.0,-9.0,-18.5,38.0,64.0,-67.0,,,17,42.035,0.12,22.15,0.505,14.905,0.0,5,0,-242.80908
0,1,0,1,1,24.0,16.0,0.6666667,-19.0,-5.0,-106.0,,,19,42.0,0.64,22.465,0.655,13.61,0.115,3,0,-185.59814
0,1,0,1,1,117.0,95.0,71.0,-9.0,-93.0,-38.0,,,9,44.28,0.8,21.315,0.245,13.0,0.03,1,1,-132.81927
0,1,0,1,1,8.0,155.0,3.6666667,-11.0,-9.0,46.0,,,12,38.465,0.18,22.445,0.78,13.89,0.005,11,1,-121.04996
0,1,0,1,1,54.0,244.0,79.166664,-18.0,-111.0,-90.0,,,19,42.98,0.805,23.74,1.52,12.74,0.155,3,1,50.49315
0,1,0,1,1,14.0,138.0,0.8333333,108.0,50.0,-47.0,,,20,39.65,0.41,21.405,0.72,10.89,0.085,6,1,-103.51993
0,1,0,1,1,1.0,-215.0,-81.666664,29.0,-96.0,-107.0,,,7,30.79,0.01,17.135,0.0,10.79,0.0,0,2,-394.78925
0,1,0,1,1,13.0,145.0,69.5,81.0,23.0,-101.0,,,8,38.075,0.175,19.25,0.235,12.79,0.0,12,2,-64.341705
0,1,0,1,1,-60.0,-28.0,-47.0,65.0,20.0,-45.0,,,9,41.77,0.38,21.46,0.245,12.81,0.045,1,2,-256.61917
0,1,0,1,1,19.0,891.0,416.66666,9.0,-95.0,-72.0,,,16,36.615,0.175,21.175,0.505,13.69,0.005,9,2,684.29706
0,1,0,1,1,29.0,106.0,1.5,29.0,11.0,-3.0,,,19,41.96,1.63,25.655,2.0,12.02,0.025,3,2,-151.12357
0,1,0,1,1,103.0,89.0,134.16667,-6.0,-99.0,-68.0,,,11,36.5,0.155,21.48,0.385,12.675,0.0,2,6,-121.34503
0,1,0,1,1,16.0,-3.0,20.666666,105.0,18.0,-79.0,,,20,33.095,0.605,20.575,0.575,10.69,0.205,6,6,-221.61365
0,1,0,1,1,6.0,-28.0,-27.333334,-17.0,121.0,-96.0,,,20,22.73,0.22,18.575,0.26,6.115,0.0,6,3,-256.90216
0,1,0,1,1,31.0,23.0,-8.5,-11.0,87.0,-19.0,,,13,41.155,0.325,22.79,0.625,13.425,0.0,4,4,-240.4333
0,1,0,1,1,19.0,-10.0,18.166666,-24.0,-46.0,-95.0,,,16,38.155,0.41,20.575,1.0,12.905,0.0,9,4,-208.52078
1,1,0,1,1,14.0,203.0,60.625,12.0,-60.0,46.0,1.0,,18,43.19,0.365,21.655,0.255,14.405,0.01,10,4,-64.10193
0,1,0,1,1,76.0,-19.0,46.5,94.0,-34.0,-109.0,,,14,38.73,0.065,23.31,0.2,13.96,0.005,13,5,-218.16508
0,1,0,1,1,15.0,41.0,16.333334,-18.0,-40.0,-98.0,,,10,39.78,0.15,23.87,0.155,13.35,0.105,7,0,-157.15555
0,1,0,1,1,74.0,127.0,62.166668,-17.0,-95.0,-101.0,,,14,39.465,0.155,21.965,1.09,13.87,0.025,13,0,-65.19324
0,1,0,1,1,59.0,-34.0,-21.166666,28.0,28.0,-81.0,,,10,38.445,0.13,23.815,0.22,12.835,0.005,7,1,-257.38495
0,1,0,1,1,35.0,-18.0,23.166666,-5.0,-71.0,-109.0,,,13,40.925,0.105,24.315,0.22,13.835,0.0,4,1,-206.16913
0,1,0,1,1,18.0,-46.0,-17.833334,20.0,49.0,-90.0,,,16,38.555,0.11,22.165,0.2,13.98,0.0,9,1,-265.00595
0,1,0,1,1,15.0,75.0,-18.166666,37.0,57.0,-81.0,,,19,41.96,0.88,22.655,1.5,13.02,0.025,3,2,-150.58292
0,1,0,1,1,24.0,141.0,105.333336,50.0,-16.0,-78.0,,,8,33.635,0.09,19.27,0.01,10.845,0.01,12,6,-73.29085
0,1,0,1,1,176.0,-34.0,19.666666,-14.0,-49.0,-81.0,,,9,37.94,0.01,23.385,0.075,11.905,0.005,1,6,-253.54759
0,1,0,1,1,39.0,41.0,42.666668,-3.0,19.0,-80.0,,,15,36.23,0.14,21.96,0.83,12.75,0.02,8,6,-179.77625
0,1,0,1,1,61.0,377.0,106.5,57.0,6.0,166.0,,,10,21.77,0.0,8.135,0.05,5.25,0.02,7,3,31.716232
0,1,0,1,1,12.0,7.0,-44.833332,-12.0,203.0,-42.0,,,14,22.79,0.085,16.385,0.025,6.96,0.01,13,3,-265.45306
0,1,0,1,1,187.0,85.0,93.166664,-15.0,-62.0,-26.0,,,15,26.25,0.075,15.905,0.215,6.79,0.02,8,3,-161.31024
1,1,0,1,1,32.0,35.0,87.375,21.0,-79.0,-89.0,-14.0,,18,43.69,0.365,22.655,0.255,13.405,0.01,10,4,-161.6766
0,1,0,1,1,-50.0,-8.0,-16.166666,80.0,19.0,-106.0,,,9,42.19,0.735,21.06,1.775,12.865,0.085,1,5,-207.094
0,1,0,1,1,16.0,99.0,-0.16666667,-9.0,-24.0,0.0,,,11,39.24,0.52,22.0,0.865,13.98,0.035,2,0,-151.59221
0,1,0,1,1,15.0,319.0,17.0,9.0,-11.0,-30.0,,,13,40.15,0.4,24.11,0.905,13.965,0.08,4,0,79.44264
0,1,0,1,1,23.0,467.0,178.5,131.0,-53.0,99.0,,,8,38.89,0.385,20.405,0.16,12.595,0.0,12,1,169.4681
0,1,0,1,1,1645.0,2012.0,1686.3334,-14.0,-82.0,-2.0,,,13,41.425,1.355,25.815,1.47,13.835,0.0,4,1,1607.0306
0,1,0,1,1,-33.0,-78.0,6.8333335,-17.0,-27.0,-73.0,,,9,40.77,0.88,21.96,0.245,12.81,0.045,1,2,-285.79086
0,1,0,1,1,24.0,75.0,21.166666,-4.0,13.0,-88.0,,,12,37.575,0.38,21.0,1.12,13.69,0.015,11,2,-139.44977
0,1,0,1,1,31.0,-13.0,-18.833334,33.0,-8.0,-46.0,,,9,39.44,0.01,23.885,0.325,11.905,0.005,1,6,-244.39275
0,1,0,1,1,20.0,44.0,2.8333333,-8.0,94.0,-99.0,,,13,24.345,0.11,14.21,0.865,4.79,0.04,4,3,-180.00812
0,1,0,1,1,26.0,217.0,27.833334,17.0,55.0,21.0,,,18,28.135,0.12,17.48,0.145,7.54,0.015,10,3,-61.05754
0,1,0,1,1,16.0,-45.0,19.0,-23.0,-79.0,-92.0,,,10,41.06,1.56,23.52,0.11,12.25,1.59,7,4,-238.12567
0,1,0,1,1,22.0,373.0,170.5,-19.0,-106.0,118.0,,,12,39.54,0.455,22.5,1.49,13.885,0.03,11,4,76.96181
0,1,0,1,1,64.0,113.0,-34.5,28.0,51.0,70.0,,,15,36.325,0.165,22.865,0.235,13.94,0.015,8,4,-191.58183
0,1,0,1,1,19.0,89.0,17.666666,-6.0,-38.0,-10.0,,,19,41.425,1.38,24.865,0.705,12.48,0.065,3,4,-154.11913
1,1,0,1,1,23.0,37.0,22.75,0.0,88.0,-83.0,-19.0,,18,45.465,0.37,23.575,0.405,13.28,0.01,10,0,-194.06161
0,1,0,1,1,22.0,270.0,38.833332,51.0,34.0,52.0,,,17,42.35,0.09,21.075,0.285,15.02,0.0,5,1,-19.446045
0,1,0,1,1,21.0,-55.0,-63.0,21.0,-67.0,-2.0,,,7,30.29,0.01,16.135,0.0,10.79,0.0,0,2,-295.71307
1,1,0,1,1,14.0,195.0,159.75,5.0,-63.0,33.0,1.0,,18,43.155,0.64,22.5,1.25,13.79,0.1,10,2,-64.98709
0,1,0,1,1,27.0,81.0,90.333336,61.0,11.0,-108.0,,,8,34.135,0.09,19.27,0.01,11.345,0.01,12,6,-123.416626
0,1,0,1,1,23.0,21.0,-12.666667,34.0,6.0,-54.0,,,14,35.615,0.145,22.52,1.06,12.825,0.06,13,6,-208.58536
0,1,0,1,1,47.0,-26.0,-20.333334,57.0,-1.0,-72.0,,,15,37.23,0.14,20.96,0.58,12.75,0.02,8,6,-247.19969
0,1,0,1,1,16.0,180.0,-1.3333334,26.0,-6.0,-16.0,,,16,32.96,0.235,21.575,0.58,12.615,0.025,9,6,-66.64398
0,1,0,1,1,37.0,-52.0,-21.5,43.0,19.0,-69.0,,,17,36.25,0.3,23.04,0.44,12.73,0.045,5,6,-277.43478
0,1,0,1,1,21.0,36.0,-6.1666665,-9.0,127.0,-57.0,,,14,23.29,0.085,15.885,0.025,6.96,0.01,13,3,-215.35481
0,1,0,1,1,-27.0,144.0,37.833332,-1.0,141.0,-71.0,,,17,25.675,0.205,17.635,0.15,8.925,0.015,5,3,-99.294754
0,1,0,1,1,22.0,-147.0,-107.833336,-20.0,13.0,-72.0,,,7,30.595,0.0,16.655,0.005,11.48,0.39,0,4,-367.71744
0,1,0,1,1,26.0,63.0,111.166664,0.0,-45.0,-62.0,,,12,39.04,0.205,22.5,1.49,13.885,0.03,11,4,-153.32526
0,1,0,1,1,77.0,128.0,62.5,-13.0,-57.0,-75.0,,,14,38.575,0.44,23.44,1.305,14.02,0.025,13,4,-84.77818
0,1,0,1,1,22.0,53.0,27.666666,-13.0,-29.0,-88.0,,,19,41.925,0.755,21.865,0.58,12.98,0.065,3,4,-153.00545
0,1,0,1,1,10.0,-1.0,10.0,-7.0,-79.0,-94.0,,,7,31.325,0.0,17.19,0.0,10.96,0.0,0,5,-192.86473
0,1,0,1,1,22.0,302.0,170.5,23.0,-46.0,12.0,,,8,38.29,0.1,21.56,0.15,13.095,0.035,12,5,47.715073
0,1,0,1,1,66.0,18.0,52.833332,-17.0,-54.0,-110.0,,,9,42.19,0.86,22.06,0.275,12.865,0.085,1,5,-176.11829
0,1,0,1,1,13.0,274.0,59.0,-11.0,-12.0,127.0,,,10,39.23,0.175,23.54,0.185,13.27,0.095,7,5,-43.13936
0,1,0,1,1,11.0,-13.0,-33.166668,25.0,14.0,-62.0,,,10,39.78,0.15,24.87,0.155,13.35,0.105,7,0,-238.77747
0,1,0,1,1,229.0,107.0,128.0,-3.0,-89.0,-92.0,,,9,42.78,0.925,21.815,0.745,13.0,0.03,1,1,-105.30313
0,1,0,1,1,19.0,269.0,34.166668,-12.0,-92.0,-55.0,,,11,40.0,0.26,21.65,0.21,14.02,0.0,2,1,57.503464
0,1,0,1,1,27.0,-9.0,-7.1666665,-2.0,20.0,-55.0,,,13,38.925,0.105,24.815,0.22,13.835,0.0,4,1,-240.95988
0,1,0,1,1,85.0,24.0,2.8333333,-13.0,-5.0,-51.0,,,14,40.13,0.17,23.37,0.13,13.87,0.0,13,1,-210.8196
0,1,0,1,1,58.0,160.0,11.5,18.0,33.0,-48.0,,,15,37.205,0.04,21.98,0.26,13.815,0.03,8,1,-82.036514
0,1,0,1,1,21.0,26.0,19.833334,0.0,-79.0,-90.0,,,19,41.48,0.43,23.74,0.645,12.74,0.155,3,1,-169.08014
0,1,0,1,1,41.0,265.0,74.833336,-13.0,-33.0,-9.0,,,20,37.65,0.91,22.405,0.595,10.89,0.085,6,1,17.139267
0,1,0,1,1,54.0,144.0,109.666664,-6.0,39.0,-77.0,,,8,39.075,0.175,20.25,0.485,12.79,0.0,12,2,-84.25015
0,1,0,1,1,270.0,96.0,94.166664,-14.0,-90.0,-97.0,,,9,40.77,0.38,19.46,0.245,12.81,0.045,1,2,-117.40457
0,1,0,1,0,69.0,1615.0,291.75,352.0,-103.0,,,,15,36.48,0.245,20.44,2.025,12.635,0.0,8,2,1388.4266
0,1,0,1,1,15.0,291.0,100.5,59.0,-2.0,80.0,,,8,33.135,0.09,19.27,0.01,10.845,0.01,12,6,-4.942398
1,1,0,1,1,24.0,133.0,50.625,1.0,-75.0,-12.0,-25.0,,18,32.885,0.245,22.46,0.465,12.155,0.095,10,6,-102.75415
0,1,0,1,1,32.0,-71.0,-51.5,-4.0,-78.0,-81.0,,,7,30.325,0.0,18.19,0.0,10.96,0.0,0,5,-271.13187
0,1,0,1,1,12.0,531.0,179.0,-31.0,-87.0,-30.0,,,10,40.73,0.425,23.04,0.435,13.77,0.095,7,5,304.93964
0,1,0,1,1,33.0,-55.0,-47.666668,76.0,22.0,-100.0,,,13,41.365,0.135,24.79,0.255,13.845,-0.005,4,5,-265.16147
0,1,0,1,1,-30.0,144.0,67.333336,-11.0,-15.0,-32.0,,,9,43.24,0.585,20.76,0.355,12.98,0.075,1,0,-88.35028
1,1,0,1,1,18.0,65.0,36.625,2.0,-44.0,-51.0,-38.0,,18,43.965,0.37,23.575,0.53,13.78,0.01,10,0,-156.26227
0,1,0,1,1,15.0,319.0,71.0,-5.0,-11.0,-70.0,,,19,41.0,0.64,23.465,1.28,13.61,0.115,3,0,99.384476
0,1,0,1,1,116.0,79.0,112.666664,28.0,-28.0,-106.0,,,8,39.89,0.635,21.405,0.66,13.095,0.0,12,1,-127.25818
0,1,0,1,1,36.0,97.0,18.333334,40.0,-38.0,-84.0,,,12,38.965,0.43,21.945,0.28,12.39,0.005,11,1,-110.88309
0,1,0,1,1,40.0,126.0,-4.1666665,3.0,0.0,-20.0,,,19,42.48,0.68,24.24,1.645,12.74,0.155,3,1,-121.69876
0,1,0,1,1,15.0,141.0,28.5,91.0,28.0,-42.0,,,20,38.65,1.16,23.905,1.095,10.89,0.085,6,1,-98.881836
0,1,0,1,1,19.0,329.0,-12.833333,76.0,10.0,-11.0,,,10,39.865,0.18,23.54,0.11,13.575,0.02,7,2,75.47237
0,1,0,1,1,23.0,-30.0,-1.3333334,-21.0,-10.0,-83.0,,,12,39.075,0.63,22.0,0.37,13.69,0.015,11,2,-241.69049
0,1,0,1,1,23.0,-15.0,-21.5,54.0,14.0,-71.0,,,14,33.615,0.395,22.52,1.06,12.825,0.06,13,6,-237.40735
0,1,0,1,1,19.0,282.0,-11.0,47.0,24.0,-45.0,,,15,33.23,0.39,20.96,0.58,12.75,0.02,8,6,43.043076
0,1,0,1,1,78.0,211.0,25.333334,-6.0,1.0,-63.0,,,16,32.46,0.485,22.575,0.455,11.615,0.025,9,6,-19.616394
0,1,0,1,1,16.0,26.0,25.0,-20.0,-77.0,-67.0,,,17,34.75,0.3,24.04,0.44,13.23,0.045,5,6,-180.46161
0,1,0,1,1,15.0,166.0,49.833332,94.0,-29.0,-76.0,,,20,31.595,1.355,21.075,0.95,10.69,0.205,6,6,-46.10257
0,1,0,1,1,7.0,-113.0,-100.333336,7.0,-47.0,-30.0,,,11,25.79,1.24,10.56,0.055,2.96,0.075,2,3,-341.89725
0,1,0,1,1,18.0,-37.0,-54.166668,-9.0,204.0,-98.0,,,13,22.345,0.11,14.21,0.115,4.79,0.04,4,3,-281.99136
0,1,0,1,1,20.0,155.0,2.5,-1.0,112.0,20.0,,,16,21.29,0.13,18.615,0.175,7.73,0.025,9,3,-132.569
0,1,0,1,1,103.0,195.0,119.833336,-10.0,16.0,-23.0,,,17,24.175,0.455,17.135,0.15,9.425,0.015,5,3,-60.698517
0,1,0,1,1,-38.0,58.0,-61.833332,26.0,132.0,59.0,,,20,21.23,0.22,19.075,0.51,7.115,0.0,6,3,-246.74347
0,1,0,1,1,18.0,81.0,104.333336,73.0,9.0,-84.0,,,8,38.325,0.505,21.54,0.14,12.925,0.0,12,4,-134.14789
0,1,0,1,1,111.0,54.0,81.666664,26.0,-102.0,-76.0,,,13,40.155,0.2,23.79,0.375,13.925,0.0,4,4,-152.29163
1,1,0,1,1,20.0,70.0,90.25,87.0,-48.0,-55.0,-12.0,,18,45.19,0.365,22.655,0.255,13.905,0.135,10,4,-148.71884
0,1,0,1,1,22.0,-36.0,-15.833333,10.0,106.0,-95.0,,,11,40.06,0.4,20.02,0.31,13.98,0.0,2,5,-263.9585
0,1,0,1,1,121.0,196.0,6.1666665,-20.0,34.0,-39.0,,,14,39.23,0.065,23.81,0.2,13.96,0.005,13,5,-56.89804
0,1,0,1,1,29.0,71.0,-5.0,49.0,3.0,30.0,,,19,41.825,1.22,24.885,0.43,12.595,0.195,3,5,-200.79196
0,1,0,1,1,12.0,253.0,139.83333,-18.0,6.0,-125.0,,,20,39.98,0.475,21.81,0.81,11.345,0.05,6,5,58.2585
0,1,0,1,1,-16.0,10.0,58.166668,1.0,-90.0,-98.0,,,9,43.74,1.585,22.26,1.105,12.98,0.075,1,0,-175.37372
0,1,0,1,1,73.0,-76.0,3.1666667,-22.0,-38.0,-107.0,,,14,38.465,0.155,24.465,0.34,13.37,0.025,13,0,-274.7172
0,1,0,1,1,47.0,448.0,142.83333,-11.0,-17.0,75.0,,,20,37.24,1.165,22.795,0.575,11.535,0.21,6,0,153.355
0,1,0,1,1,45.0,204.0,118.166664,-1.0,39.0,-63.0,,,8,38.39,0.135,20.405,0.16,13.595,0.0,12,1,-30.792908
0,1,0,1,1,12.0,121.0,39.333332,-29.0,-58.0,65.0,,,10,39.445,0.13,22.815,0.345,13.835,0.005,7,1,-155.21016
0,1,0,1,1,55.0,210.0,113.666664,89.0,-33.0,-80.0,,,17,42.35,0.09,21.575,0.785,15.02,0.0,5,1,-3.4061432
0,1,0,1,1,26.0,535.0,418.0,-77.0,-126.0,-61.0,,,20,37.65,0.91,21.905,2.095,10.89,0.085,6,1,330.5746
0,1,0,1,1,55.0,-192.0,-126.166664,-23.0,-12.0,-94.0,,,7,30.79,0.01,16.635,0.0,10.79,0.0,0,2,-399.72546
0,1,0,1,1,49.0,307.0,54.166668,-19.0,-57.0,121.0,,,13,39.5,0.165,23.675,0.3,13.71,0.0,4,2,-2.0814362
0,1,0,1,1,18.0,89.0,42.0,6.0,-26.0,-56.0,,,16,37.115,0.175,20.675,0.755,13.69,0.005,9,2,-133.40761
1,1,0,1,1,28.0,-37.0,60.25,-15.0,-88.0,-89.0,-52.0,,18,43.155,0.89,22.5,2.5,13.79,0.1,10,2,-231.06976
0,1,0,1,1,15.0,394.0,173.83333,-6.0,-88.0,-81.0,,,19,40.46,1.63,23.155,2.25,12.02,0.025,3,2,194.21428
0,1,0,1,1,34.0,-22.0,-3.6666667,11.0,-23.0,-92.0,,,9,38.94,0.01,23.885,0.075,11.905,0.005,1,6,-227.7859
0,1,0,1,1,21.0,5.0,11.333333,58.0,51.0,-87.0,,,20,32.095,1.105,20.075,1.825,10.19,0.205,6,6,-216.51952
0,1,0,0,1,86.0,-162.0,-101.5,-28.0,,-90.0,,,11,23.29,0.49,10.56,0.055,2.96,0.075,2,3,-374.15942
0,1,0,1,1,14.0,62.0,-15.333333,-6.0,156.0,0.0,,,14,21.79,0.335,16.885,0.025,6.96,0.01,13,3,-222.88701
0,1,0,1,1,53.0,157.0,116.833336,-6.0,-2.0,-39.0,,,8,38.29,0.35,21.06,0.65,12.595,0.91,12,5,-82.2775
0,1,0,1,1,33.0,289.0,46.5,-4.0,22.0,17.0,,,10,41.23,0.3,22.04,1.185,14.77,1.595,7,5,18.152359
0,1,0,1,1,76.0,224.0,5.8333335,-16.0,-35.0,-68.0,,,14,38.73,0.315,22.31,0.45,13.96,0.005,13,5,2.9230194
0,1,0,1,1,9.0,283.0,59.333332,-14.0,2.0,-60.0,,,10,40.445,0.13,23.315,0.22,13.335,0.005,7,1,56.702072
0,1,0,1,1,589.0,745.0,761.5,-9.0,-87.0,-81.0,,,20,38.65,1.16,22.905,1.595,10.39,0.085,6,1,488.5421
0,1,0,1,1,41.0,186.0,67.166664,-11.0,-70.0,120.0,,,13,39.0,0.415,24.175,1.3,13.71,0.0,4,2,-118.49164
0,1,0,1,1,22.0,184.0,73.0,-5.0,-66.0,-31.0,,,16,37.615,0.425,20.675,1.005,13.69,0.13,9,2,-44.179565
0,1,0,1,1,292.0,289.0,271.66666,3.0,-31.0,-24.0,,,17,38.385,0.69,20.325,1.345,14.615,0.055,5,2,24.421127
1,1,0,1,1,32.0,85.0,5.0,21.0,8.0,-13.0,16.0,,18,44.155,1.39,23.5,1.75,13.29,0.1,10,2,-166.69794
0,1,0,1,1,3.0,60.0,94.166664,-22.0,-105.0,-80.0,,,14,21.29,0.71,15.885,0.025,7.96,0.01,13,3,-133.58524
0,1,0,1,1,-11.0,-56.0,-50.666668,-1.0,14.0,-93.0,,,20,19.73,1.97,18.575,0.26,6.615,0.0,6,3,-263.95544
0,1,0,1,1,14.0,-191.0,-55.666668,-14.0,-89.0,-107.0,,,7,32.095,0.0,17.155,0.005,11.48,0.015,0,4,-373.52917
0,1,0,1,1,793.0,289.0,480.16666,-13.0,-96.0,-104.0,,,11,41.675,0.795,22.31,1.15,14.06,0.05,2,4,29.650772
0,1,0,1,1,14.0,7.0,-104.333336,-2.0,40.0,-18.0,,,7,31.825,0.0,16.69,0.0,10.96,0.0,0,5,-246.1506
0,1,0,1,1,20.0,66.0,-12.166667,51.0,59.0,-69.0,,,10,39.73,0.175,24.04,0.935,13.77,0.345,7,5,-166.36081
0,1,0,1,1,18.0,-1.0,-33.5,19.0,16.0,-52.0,,,12,38.325,0.45,22.23,0.43,13.94,0.02,11,5,-232.89053
0,1,0,1,1,12.0,-19.0,5.3333335,-27.0,31.0,-48.0,,,10,40.78,0.15,24.87,0.905,14.35,0.105,7,0,-255.0909
0,1,0,1,1,21.0,319.0,68.166664,3.0,8.0,140.0,,,12,39.205,0.335,21.85,1.23,14.0,0.0,11,0,-9.541992
1,1,0,1,1,37.0,404.0,75.625,17.0,-42.0,58.0,-14.0,,18,44.61,1.59,22.85,2.97,13.405,0.075,10,1,123.89827
0,1,0,1,1,115.0,104.0,159.5,2.0,-68.0,-81.0,,,8,37.075,0.675,21.25,0.485,12.79,0.0,12,2,-107.07959
0,1,0,1,1,12.0,38.0,-10.666667,4.0,53.0,31.0,,,10,40.865,0.805,23.04,0.11,12.575,0.02,7,2,-242.11201
0,1,0,1,1,84.0,492.0,233.16667,0.0,-99.0,-2.0,,,14,37.94,0.69,20.175,1.715,13.71,2.725,13,2,247.78044
0,1,0,1,1,20.0,1265.0,623.5,24.0,-85.0,-60.0,,,19,39.96,2.63,21.155,4.125,12.02,0.525,3,2,1047.7286
0,1,0,1,1,21.0,393.0,159.33333,-10.0,-39.0,19.0,,,20,39.405,4.81,21.865,4.54,10.31,0.415,6,2,133.34529
0,1,0,1,1,23.0,1835.0,1030.3334,-15.0,-26.0,173.0,,,16,31.96,1.985,22.575,1.455,12.615,0.025,9,6,1485.9946
0,1,0,1,1,23.0,320.0,32.833332,-14.0,197.0,112.0,,,15,24.75,0.075,15.905,0.215,6.79,0.02,8,3,-31.25145
0,1,0,1,1,-29.0,420.0,39.5,20.0,155.0,-52.0,,,17,24.175,0.205,15.635,0.15,9.425,0.015,5,3,162.829
0,1,0,1,1,363.0,-16.0,122.333336,-7.0,-85.0,-100.0,,,7,31.095,0.0,17.155,0.005,10.98,0.015,0,4,-236.86794
0,1,0,1,1,141.0,171.0,138.66667,40.0,-47.0,-33.0,,,10,43.06,1.185,22.52,0.735,13.75,0.09,7,4,-70.97072
0,1,0,1,1,24.0,136.0,115.666664,-2.0,-79.0,-73.0,,,11,38.675,0.545,21.31,2.65,14.06,0.675,2,4,-68.59152
0,1,0,1,1,214.0,161.0,3.5,-19.0,-3.0,-23.0,,,14,38.575,0.94,22.94,2.43,14.02,0.65,13,4,-101.25595
0,1,0,1,1,22.0,539.0,174.16667,-19.0,-49.0,83.0,,,10,39.73,0.925,21.54,0.31,13.27,0.095,7,5,248.27394
0,1,0,1,1,24.0,235.0,3.8333333,11.0,28.0,14.0,,,15,39.135,0.86,24.095,0.405,13.925,0.0,8,5,-34.292114
0,1,0,1,1,13.0,-122.0,-89.666664,-10.0,-70.0,-80.0,,,7,31.535,0.015,17.78,0.0,10.98,0.0,0,0,-322.03497
0,1,0,1,1,19.0,140.0,51.0,-15.0,-19.0,-80.0,,,15,37.535,0.155,22.465,2.42,14.0,0.01,8,0,-72.23695
0,1,0,1,1,84.0,126.0,199.16667,15.0,-89.0,-77.0,,,10,40.945,1.13,24.315,0.97,13.835,0.005,7,1,-80.251434
0,1,0,1,1,12.0,144.0,-8.833333,13.0,85.0,-57.0,,,11,40.5,0.26,22.65,1.21,14.02,0.0,2,1,-99.14151
0,1,0,1,1,16.0,393.0,144.16667,-18.0,88.0,35.0,,,11,36.405,0.945,20.44,1.445,14.21,0.53,2,2,101.33092
0,1,0,1,1,281.0,497.0,445.0,-25.0,-86.0,65.0,,,10,37.06,1.935,22.52,0.11,13.75,0.09,7,4,198.27608
0,1,0,1,1,187.0,11.0,5.6666665,20.0,-82.0,70.0,,,16,36.155,1.16,22.075,1.0,13.905,0.0,9,4,-278.8041
0,1,0,1,1,1647.0,1685.0,1555.3334,18.0,-83.0,-63.0,,,19,40.925,2.38,24.365,1.83,11.98,0.065,3,4,1312.6864
0,1,0,1,1,12.0,66.0,-46.833332,-11.0,-76.0,-86.0,,,7,30.825,0.0,16.69,0.0,10.96,0.0,0,5,-131.07939
0,1,0,1,1,12.0,157.0,30.166666,-17.0,-73.0,-55.0,,,10,40.23,0.8,23.54,0.435,12.77,0.095,7,5,-56.736572
0,1,0,1,1,53.0,432.0,245.33333,-1.0,-71.0,156.0,,,11,38.56,0.4,20.52,0.31,13.48,0.0,2,5,106.93819
0,1,0,1,1,77.0,84.0,130.83333,-12.0,-92.0,-95.0,,,14,39.23,0.315,22.81,0.95,13.96,0.005,13,5,-111.751526
0,1,0,1,1,496.0,254.0,340.16666,-18.0,-93.0,-96.0,,,9,43.24,2.085,21.76,2.605,12.98,1.075,1,0,18.30275
0,1,0,1,1,52.0,190.0,118.5,-19.0,-39.0,-17.0,,,13,38.425,0.605,23.315,0.845,13.835,0.0,4,1,-53.237015
0,1,0,1,1,31.0,475.0,178.16667,-17.0,-66.0,14.0,,,15,39.205,0.54,23.48,0.385,13.815,0.03,8,1,221.54472
1,1,0,1,1,16.0,232.0,39.5,-2.0,1.0,39.0,-4.0,,18,42.11,1.09,22.85,0.97,13.405,0.075,10,1,-43.771027
0,1,0,1,1,12.0,83.0,-107.0,4.0,66.0,50.0,,,7,30.29,0.01,16.635,0.0,10.79,0.0,0,2,-209.40138
0,1,0,1,1,44.0,203.0,24.166666,-5.0,-59.0,-61.0,,,17,43.385,0.815,21.325,1.345,14.615,0.055,5,2,-13.776764
0,1,0,0,1,132.0,335.0,56.0,-1.0,,9.0,,,20,37.905,3.935,22.865,2.79,10.81,0.165,6,2,65.74669
0,1,0,1,1,22.0,-6.0,-29.833334,13.0,24.0,-60.0,,,10,36.27,0.34,23.81,0.425,12.655,0.31,7,6,-235.7886
0,1,0,1,1,38.0,309.0,163.33333,-12.0,-96.0,100.0,,,16,32.96,0.735,21.075,0.33,12.615,0.025,9,6,18.936874
0,1,0,1,1,39.0,55.0,90.666664,20.0,-49.0,-41.0,,,17,38.25,0.55,23.54,0.94,12.73,0.045,5,6,-172.19269
0,1,0,1,1,26.0,220.0,57.166668,8.0,29.0,4.0,,,19,37.54,1.21,24.02,1.27,11.19,0.265,3,6,-44.58531
0,1,0,1,1,62.0,114.0,16.0,-14.0,103.0,-1.0,,,12,20.615,0.22,11.94,0.36,6.075,0.04,11,3,-165.03857
0,1,0,1,1,26.0,135.0,30.833334,-16.0,85.0,-18.0,,,16,18.79,0.13,19.615,0.925,7.73,0.275,9,3,-128.84204
0,1,0,1,1,28.0,242.0,142.5,9.0,-18.0,-58.0,,,8,37.325,0.755,21.54,0.39,12.925,0.0,12,4,17.055527
0,1,0,1,1,9.0,46.0,15.333333,-18.0,-15.0,-75.0,,,16,36.655,0.16,21.575,0.25,13.905,0.0,9,4,-167.91565
0,1,0,1,1,23.0,98.0,171.83333,7.0,-86.0,-88.0,,,19,43.925,2.005,24.865,1.58,13.48,0.065,3,4,-97.40796
0,1,0,1,1,149.0,609.0,131.83333,-5.0,-49.0,249.0,,,10,41.23,0.55,23.54,0.935,13.77,0.22,7,5,223.07161
0,1,0,1,1,85.0,174.0,-7.5,6.0,16.0,-13.0,,,13,40.365,0.135,25.29,0.505,13.845,-0.005,4,5,-84.844406
0,1,0,1,1,17.0,67.0,-1.3333334,29.0,48.0,-17.0,,,15,37.635,0.11,23.595,0.78,13.925,0.0,8,5,-188.88663
0,1,0,1,1,26.0,-6.0,13.833333,-6.0,-49.0,-84.0,,,17,41.27,0.27,22.23,0.925,14.5,0.01,5,5,-210.11269
0,1,0,1,1,20.0,31.0,79.0,-7.0,-17.0,-90.0,,,19,40.825,0.97,23.885,1.305,13.595,0.445,3,5,-175.98502
0,1,0,1,1,43.0,251.0,94.833336,-11.0,7.0,-85.0,,,8,38.965,0.14,19.815,0.68,13.11,0.0,12,0,33.216965
0,1,0,1,1,321.0,89.0,162.5,-10.0,-91.0,-80.0,,,9,40.74,0.835,20.76,0.855,12.98,0.575,1,0,-137.44348
0,1,0,1,1,34.0,217.0,-15.833333,19.0,23.0,-31.0,,,11,39.24,0.77,22.5,1.365,13.98,0.035,2,0,-29.711426
0,1,0,1,1,16.0,122.0,6.3333335,5.0,-6.0,-9.0,,,16,36.63,0.09,21.48,0.32,13.965,0.01,9,0,-127.73651
0,1,0,1,1,178.0,36.0,24.166666,-22.0,-80.0,-81.0,,,17,43.035,0.12,22.15,0.255,14.905,0.0,5,0,-178.23308
1,1,0,1,1,16.0,398.0,107.375,10.0,-69.0,-16.0,-26.0,,18,42.465,0.37,23.575,0.405,13.78,0.01,10,0,162.02058
0,1,0,1,1,30.0,1054.0,210.66667,14.0,-80.0,174.0,,,19,42.0,1.14,22.465,1.405,13.11,0.115,3,0,719.60736
0,1,0,1,1,19.0,-30.0,-20.5,43.0,30.0,-74.0,,,15,38.205,0.04,21.98,0.51,13.815,0.03,8,1,-253.51984
0,1,0,1,1,17.0,145.0,81.833336,16.0,-48.0,-85.0,,,17,40.85,0.09,22.575,1.285,15.02,0.0,5,1,-58.99359
0,1,0,1,1,36.0,34.0,4.3333335,157.0,42.0,-75.0,,,20,38.65,0.91,22.405,2.095,10.89,0.085,6,1,-193.37698
0,1,0,1,1,15.0,-8.0,-19.5,3.0,37.0,-79.0,,,13,39.5,0.29,25.675,0.925,13.71,0.0,4,2,-230.15184
0,1,0,1,1,27.0,40.0,21.5,57.0,108.0,-82.0,,,9,38.44,0.01,23.385,0.075,10.905,0.13,1,6,-195.81717
0,1,0,1,1,268.0,170.0,169.33333,65.0,-89.0,-42.0,,,12,34.31,0.48,20.29,0.49,12.21,0.075,11,6,-71.33603
0,1,0,1,1,33.0,649.0,176.0,56.0,-5.0,-13.0,,,13,37.02,0.87,23.21,0.955,11.69,0.075,4,6,395.85327
0,1,0,1,1,48.0,128.0,53.5,-7.0,-61.0,-59.0,,,17,36.25,1.3,21.54,1.69,11.73,0.045,5,6,-89.25098
0,1,0,1,1,27.0,224.0,263.33334,-14.0,-115.0,-61.0,,,14,22.79,0.085,16.385,0.025,6.96,0.01,13,3,19.48787
0,1,0,1,1,19.0,113.0,162.5,16.0,-70.0,-37.0,,,17,43.52,0.89,23.31,0.735,14.425,0.0,5,4,-110.647385
0,1,0,1,1,27.0,1574.0,1052.0,99.0,-5.0,-94.0,,,19,42.425,1.38,23.865,1.83,12.98,0.065,3,4,1355.4647
0,1,0,1,1,1523.0,1294.0,1363.3334,39.0,-103.0,-82.0,,,20,38.175,1.125,23.06,3.24,10.94,0.175,6,4,949.3784
0,1,0,1,1,22.0,64.0,80.666664,58.0,39.0,-99.0,,,8,37.29,0.225,21.06,0.65,13.095,0.035,12,5,-149.71954
0,1,0,1,1,16.0,173.0,56.833332,-6.0,-65.0,54.0,,,11,40.06,0.15,19.52,0.435,13.98,0.0,2,5,-97.10831
0,1,0,1,1,29.0,21.0,41.5,-12.0,-80.0,-49.0,,,13,41.865,0.135,23.79,0.255,13.845,-0.005,4,5,-195.04692
0,1,0,1,1,77.0,134.0,1.3333334,-2.0,-29.0,-17.0,,,14,37.23,0.065,22.81,0.2,13.96,0.005,13,5,-113.13841
0,1,0,1,1,41.0,214.0,34.666668,-6.0,-44.0,16.0,,,17,43.27,0.77,21.73,0.175,15.0,0.01,5,5,-43.85222
0,1,0,1,1,59.0,323.0,216.66667,65.0,-32.0,77.0,,,8,38.965,0.14,21.315,0.68,12.61,0.0,12,0,29.978378
0,1,0,1,1,-35.0,127.0,6.1666665,13.0,6.0,-32.0,,,9,43.24,1.085,21.26,0.855,13.48,0.075,1,0,-108.815414
0,1,0,1,1,8.0,7.0,61.0,-20.0,-61.0,-77.0,,,12,40.205,0.585,21.85,1.105,14.0,0.0,11,0,-196.68005
0,1,0,1,1,150.0,-16.0,57.333332,-16.0,-35.0,-109.0,,,13,40.15,0.15,24.61,0.905,13.965,0.08,4,0,-221.96397
0,1,0,1,1,-5.0,95.0,17.5,50.0,-18.0,-101.0,,,9,43.78,1.425,20.815,0.245,13.5,0.155,1,1,-104.39125
0,1,0,1,1,32.0,-17.0,33.0,-17.0,-31.0,-76.0,,,10,39.945,0.255,23.315,0.47,12.335,0.005,7,1,-229.0646
0,1,0,1,1,114.0,-55.0,-28.166666,-13.0,34.0,-88.0,,,11,41.0,0.635,23.15,0.835,14.52,0.0,2,1,-281.09055
0,1,0,1,1,277.0,92.0,141.66667,-16.0,-110.0,-98.0,,,14,40.13,0.67,23.37,0.13,13.87,0.0,13,1,-117.67845
0,1,0,1,1,14.0,-172.0,-124.0,-20.0,-60.0,-96.0,,,7,31.79,0.01,17.135,0.0,11.29,0.0,0,2,-365.7398
0,1,0,1,1,18.0,198.0,1.8333334,22.0,-21.0,-86.0,,,13,39.5,0.165,24.175,0.8,13.71,0.0,4,2,-11.162781
0,1,0,1,1,43.0,608.0,71.0,15.0,-43.0,176.0,,,16,36.615,0.425,19.675,0.505,14.69,0.005,9,2,267.3003
0,1,0,1,1,886.0,701.0,673.1667,-12.0,-89.0,54.0,,,19,39.96,3.505,23.155,1.25,13.02,0.025,3,2,349.94635
0,1,0,1,1,16.0,238.0,-0.6666667,21.0,-49.0,-64.0,,,10,34.27,0.84,22.81,2.425,12.155,0.31,7,6,23.187119
0,1,0,1,1,33.0,135.0,97.333336,-20.0,-69.0,-27.0,,,15,35.73,0.64,20.46,0.58,12.75,0.02,8,6,-95.295425
1,1,0,1,1,43.0,202.0,-1.625,2.0,36.0,31.0,-46.0,,18,32.885,2.245,21.96,1.715,12.655,1.345,10,6,-78.87512
0,1,0,1,1,111.0,318.0,161.0,0.0,-81.0,-57.0,,,10,20.27,0.0,8.635,0.05,5.25,0.02,7,3,96.375046
0,1,0,1,1,-143.0,-65.0,-156.5,-16.0,81.0,-50.0,,,11,26.79,1.24,10.56,0.055,2.96,0.075,2,3,-294.82568
0,1,0,1,1,149.0,66.0,51.166668,-21.0,18.0,-62.0,,,13,23.845,0.36,13.71,0.115,4.79,0.04,4,3,-174.09111
0,1,0,1,1,31.0,194.0,31.0,-4.0,69.0,41.0,,,18,25.635,0.12,16.48,0.145,7.54,0.015,10,3,-97.043686
0,1,0,1,1,18.0,257.0,150.33333,38.0,11.0,-69.0,,,8,38.825,0.755,21.04,0.64,12.425,0.0,12,4,32.782394
0,1,0,1,1,14.0,279.0,32.5,80.0,-102.0,-103.0,,,16,37.155,0.16,20.575,0.25,13.905,0.0,9,4,93.765976
1,1,0,1,1,96.0,831.0,218.75,-2.0,-69.0,84.0,-9.0,,18,44.19,1.865,22.155,1.005,13.905,0.01,10,4,534.6635
0,1,0,1,1,13.0,-175.0,-114.666664,-4.0,-38.0,-58.0,,,7,32.825,0.0,16.69,0.0,10.96,0.0,0,5,-391.81537
0,1,0,1,1,299.0,248.0,179.33333,17.0,-65.0,-12.0,,,9,42.69,1.36,21.06,0.525,12.865,0.585,1,5,-16.378662
0,1,0,1,1,23.0,114.0,84.666664,-5.0,-51.0,-72.0,,,10,40.73,0.175,23.54,0.685,13.27,0.095,7,5,-96.24863
0,1,0,1,1,24.0,326.0,26.5,-24.0,-23.0,98.0,,,11,38.56,0.15,21.02,1.06,13.98,0.0,2,5,24.048782
0,1,0,1,1,23.0,338.0,81.5,-14.0,-97.0,164.0,,,12,39.325,0.2,20.73,0.93,13.44,0.02,11,5,17.437454
1,1,0,1,1,27.0,85.0,77.375,1.0,-49.0,-58.0,-1.0,,18,44.885,0.75,23.56,0.81,13.385,0.05,10,5,-132.79242
0,1,0,1,1,19.0,134.0,45.666668,33.0,-50.0,-103.0,,,20,39.24,1.665,22.295,1.325,10.535,0.335,6,0,-60.746857
0,1,0,1,1,40.0,-51.0,-65.166664,104.0,47.0,-96.0,,,11,38.905,0.695,20.94,0.445,13.21,0.03,2,2,-268.66702
1,1,0,1,1,76.0,338.0,218.5,14.0,-55.0,3.0,76.0,,18,43.655,1.64,22.5,1.0,13.29,0.1,10,2,84.60506
0,1,0,1,1,38.0,228.0,123.5,24.0,3.0,-58.0,,,8,32.135,0.09,19.27,0.01,11.345,0.01,12,6,-1.8432617
0,1,0,1,1,40.0,186.0,54.666668,-9.0,-85.0,76.0,,,12,33.81,0.23,20.79,0.74,12.71,0.075,11,6,-93.566696
0,1,0,1,1,20.0,25.0,-25.166666,38.0,40.0,-67.0,,,14,35.115,0.145,23.02,1.81,12.325,0.185,13,6,-204.41042
0,1,0,1,1,20.0,-45.0,-65.833336,37.0,83.0,-25.0,,,16,32.96,0.485,22.075,0.33,12.615,0.025,9,6,-303.16803
1,1,0,1,1,28.0,497.0,225.125,91.0,17.0,97.0,-8.0,,18,32.385,1.495,20.96,0.965,12.655,0.345,10,6,186.27992
0,1,0,1,1,19.0,32.0,31.166666,12.0,-102.0,-67.0,,,19,32.04,1.835,22.02,1.77,11.19,1.015,3,6,-169.96078
0,1,0,1,1,799.0,1223.0,1134.1666,6.0,-16.0,41.0,,,20,30.095,3.73,20.075,1.2,10.69,0.705,6,6,868.9602
0,1,0,1,1,-153.0,-98.0,-180.16667,-3.0,109.0,-65.0,,,11,22.79,0.24,11.56,0.055,2.96,0.075,2,3,-324.5829
0,1,0,1,1,5.0,69.0,-1.3333334,-21.0,51.0,-50.0,,,14,23.29,0.085,16.385,0.025,6.96,0.01,13,3,-169.89676
0,1,0,1,1,103.0,101.0,55.333332,-11.0,-17.0,-14.0,,,20,23.23,0.22,19.075,0.51,6.615,0.0,6,3,-152.17316
0,1,0,1,1,20.0,-145.0,-101.666664,-13.0,-18.0,-91.0,,,7,31.595,0.0,17.155,0.005,10.98,0.015,0,4,-350.08792
0,1,0,1,1,827.0,583.0,657.3333,-7.0,-96.0,-81.0,,,12,38.54,0.455,22.5,0.99,13.885,0.03,11,4,306.96735
0,1,0,1,1,20.0,4.0,27.5,0.0,-50.0,-19.0,,,15,37.825,0.165,23.865,0.235,13.94,0.015,8,4,-231.82841
0,1,0,1,1,16.0,56.0,-1.1666666,-7.0,62.0,-72.0,,,19,42.425,0.88,24.865,0.58,12.98,0.065,3,4,-174.9988
0,1,0,1,1,5.0,188.0,33.666668,5.0,-1.0,12.0,,,9,42.19,1.11,20.56,0.525,12.865,0.085,1,5,-72.586685
0,1,0,1,1,30.0,7.0,72.166664,-7.0,-99.0,-79.0,,,16,38.115,0.085,21.0,0.17,13.905,0.0,9,5,-190.42221
0,1,0,1,1,12.0,19.0,48.5,46.0,-11.0,-96.0,,,20,39.98,1.975,22.81,1.56,11.345,0.05,6,5,-185.31578
0,1,0,1,1,28.0,375.0,187.5,209.0,-71.0,-73.0,,,8,37.965,0.39,20.815,0.43,13.11,0.0,12,0,166.85072
0,1,0,1,1,17.0,553.0,102.0,33.0,46.0,231.0,,,20,39.74,2.165,21.295,0.7,11.535,0.21,6,0,170.53108
0,1,0,1,1,26.0,357.0,53.5,-8.0,-41.0,-4.0,,,19,41.48,0.93,24.24,3.395,13.24,0.155,3,1,108.97331
0,1,0,1,1,6.0,95.0,43.333332,56.0,-15.0,-15.0,,,20,37.65,0.91,23.905,0.595,10.89,0.585,6,1,-148.88138
0,1,0,1,1,13.0,30.0,1.5,-21.0,44.0,-96.0,,,7,30.79,0.01,17.135,0.0,10.79,0.0,0,2,-185.09932
0,1,0,1,1,32.0,61.0,82.666664,-19.0,-91.0,-90.0,,,9,41.77,1.13,20.46,0.495,12.81,0.045,1,2,-133.04037
0,1,0,1,1,9.0,447.0,129.16667,15.0,40.0,74.0,,,8,34.135,0.09,20.27,0.01,11.345,0.01,12,6,145.44032
0,1,0,1,1,17.0,39.0,-20.5,-17.0,28.0,-88.0,,,9,38.94,0.01,23.385,0.075,11.405,0.005,1,6,-177.43846
0,1,0,1,1,36.0,586.0,180.33333,-18.0,-97.0,-39.0,,,10,33.77,0.09,23.81,0.175,12.655,0.06,7,6,363.7187
0,1,0,1,1,30.0,228.0,69.166664,-17.0,-72.0,-88.0,,,19,37.54,1.46,22.52,1.77,11.69,0.265,3,6,28.340378
0,1,0,1,1,6.0,36.0,-8.5,0.0,155.0,-86.0,,,12,23.115,0.22,12.44,0.11,7.075,0.04,11,3,-204.88736
0,1,0,1,1,134.0,250.0,68.833336,-15.0,-17.0,-37.0,,,15,27.75,0.075,15.405,-0.035,6.79,0.02,8,3,4.3523407
0,1,0,1,1,27.0,-40.0,-37.5,13.0,165.0,-101.0,,,20,22.73,0.22,19.575,0.26,6.615,0.0,6,3,-276.79675
0,1,0,1,1,18.0,120.0,136.66667,-2.0,-61.0,-85.0,,,8,38.825,0.255,21.54,0.14,12.925,0.0,12,4,-81.40779
0,1,0,1,1,18.0,33.0,23.0,-15.0,-62.0,-47.0,,,13,41.155,0.2,23.29,1.125,13.925,0.0,4,4,-186.5636
0,1,0,1,1,9.0,97.0,50.666668,-24.0,-90.0,36.0,,,15,38.325,0.415,22.865,0.735,13.94,0.015,8,4,-158.12991
0,1,0,1,1,20.0,-27.0,-6.5,48.0,-39.0,-72.0,,,16,37.155,0.16,20.575,0.25,13.905,0.0,9,4,-238.31596
0,1,0,1,1,504.0,524.0,569.3333,-14.0,-78.0,-64.0,,,17,43.52,0.39,22.31,0.235,14.925,0.0,5,4,266.85144
0,1,0,1,1,16.0,164.0,55.0,-21.0,-31.0,54.0,,,13,39.365,0.135,23.79,0.88,13.845,-0.005,4,5,-112.60803
0,1,0,1,1,1311.0,1120.0,1154.6666,7.0,-38.0,-105.0,,,15,39.135,0.86,23.095,0.155,13.925,0.0,8,5,795.46497
0,1,0,1,1,24.0,179.0,61.833332,-7.0,-91.0,73.0,,,17,40.77,0.27,21.73,0.425,15.0,0.01,5,5,-96.35791
1,1,0,1,1,15.0,132.0,8.375,-9.0,-30.0,-65.0,-25.0,,18,44.385,0.75,23.56,0.56,13.885,0.05,10,5,-85.160706
0,1,0,1,1,22.0,-181.0,-124.166664,-17.0,7.0,-93.0,,,7,31.535,0.015,17.78,0.0,10.98,0.0,0,0,-389.85718
0,1,0,1,1,16.0,421.0,-11.333333,1.0,36.0,-71.0,,,11,38.24,0.27,20.5,0.365,13.98,0.035,2,0,192.02
0,1,0,1,1,82.0,259.0,60.833332,-3.0,-33.0,195.0,,,15,38.535,0.405,22.965,0.92,14.0,0.01,8,0,-94.385376
0,1,0,1,1,430.0,261.0,295.0,-17.0,-104.0,-27.0,,,9,42.28,0.425,21.815,0.245,13.0,0.03,1,1,-0.8043823
0,1,0,1,1,15.0,130.0,-13.0,20.0,51.0,13.0,,,10,38.945,0.13,23.315,0.22,13.835,0.005,7,1,-141.66504
0,1,0,1,1,15.0,-27.0,-11.833333,39.0,21.0,-79.0,,,13,38.425,0.105,23.315,0.22,13.835,0.0,4,1,-245.93399
0,1,0,1,1,23.0,-17.0,-20.5,60.0,3.0,-92.0,,,16,35.055,0.11,20.665,0.2,13.98,0.0,9,1,-226.80139
1,1,0,1,1,17.0,203.0,122.375,-8.0,-87.0,-90.0,-22.0,,18,44.11,0.34,20.35,0.47,13.405,0.075,10,1,8.628128
0,1,0,0,0,-157.0,185.0,-238.5,261.0,,,,,19,23.635,0.6,14.425,1.385,8.425,0.015,14,3,-27.362457
0,1,0,1,1,257.0,266.0,339.0,-10.0,-93.0,-47.0,,,12,20.115,1.97,12.44,1.11,7.075,0.04,11,3,28.307327
0,1,0,1,1,10.0,341.0,239.83333,-14.0,-95.0,46.0,,,15,23.75,1.2,14.405,0.59,5.79,0.02,8,3,80.08397
0,1,0,1,1,17.0,45.0,39.166668,3.0,-84.0,-28.0,,,16,34.155,1.16,21.575,0.5,13.905,0.0,9,4,-179.77837
0,1,0,1,1,15.0,85.0,45.666668,-15.0,-83.0,-68.0,,,17,37.02,0.89,22.81,0.235,15.425,0.0,5,4,-120.1151
0,1,0,1,1,24.0,314.0,178.83333,-7.0,-65.0,25.0,,,8,36.79,0.35,21.56,0.15,13.595,0.035,12,5,56.63005
0,1,0,1,1,17.0,24.0,-14.166667,50.0,-34.0,-67.0,,,15,39.135,0.11,24.595,0.655,13.425,0.0,8,5,-190.84032
0,1,0,1,1,66.0,558.0,67.5,43.0,-61.0,-63.0,,,16,37.615,0.085,19.5,0.17,13.405,0.0,9,5,338.10205
0,1,0,1,1,18.0,424.0,71.0,-10.0,-46.0,128.0,,,17,40.27,0.52,23.23,0.675,15.5,0.01,5,5,111.42494
1,1,0,1,1,848.0,794.0,821.125,-23.0,-87.0,-65.0,-54.0,,18,44.885,0.25,22.06,0.31,13.885,0.05,10,5,504.83008
0,1,0,1,1,17.0,106.0,-13.166667,-3.0,18.0,-70.0,,,19,40.825,0.47,25.385,0.93,13.095,0.195,3,5,-117.94141
0,1,0,1,1,5.0,78.0,71.5,-1.0,-95.0,-81.0,,,9,41.24,0.335,23.26,0.355,13.48,0.075,1,0,-117.32822
0,1,0,1,1,30.0,156.0,146.16667,14.0,-70.0,-63.0,,,12,38.705,0.335,21.85,1.355,14.0,0.0,11,0,-56.016037
0,1,0,1,1,18.0,298.0,339.16666,6.0,-63.0,-70.0,,,16,37.13,0.09,20.98,0.57,13.465,0.01,9,0,88.28075
1,1,0,1,1,61.0,20.0,78.75,21.0,-43.0,-67.0,-21.0,,18,43.965,0.87,22.575,0.405,13.78,0.26,10,0,-197.22119
0,1,0,1,1,13.0,-40.0,-32.166668,23.0,35.0,-75.0,,,13,40.925,0.105,24.815,0.22,13.835,0.0,4,1,-263.35245
0,1,0,1,1,24.0,149.0,72.666664,-7.0,-91.0,56.0,,,15,37.205,0.04,21.98,0.26,13.315,0.03,8,1,-117.677155
0,1,0,1,1,153.0,50.0,48.333332,-3.0,-50.0,-115.0,,,20,38.65,0.66,21.905,0.595,9.89,0.585,6,1,-150.81268
